{"initial_reset_timestamp": 1605228758.3348792, "timestamps": [1605228758.4535613], "episode_lengths": [50], "episode_rewards": [0.0], "episode_types": ["t"]}